,paths,T-number
3,9a169dda-e4c8-45c1-b0e8-d092916084fb/TCGA-C8-A12W-01Z-00-DX1.3727E7BB-831E-42DB-B5CB-F2D7C649290F.svs/TCGA-C8-A12W-01Z-00-DX1.3727E7BB-831E-42DB-B5CB-F2D7C649290F.h5,TCGA-C8-A12W
5,f5e2b2e8-64eb-47ef-a42b-e6cf2e677294/TCGA-BH-A1FN-01Z-00-DX1.CEE3C59B-6CF0-4D41-8334-6067BB5A8BF7.svs/TCGA-BH-A1FN-01Z-00-DX1.CEE3C59B-6CF0-4D41-8334-6067BB5A8BF7.h5,TCGA-BH-A1FN
9,490c4a57-24fc-4595-8b03-285ec9c61181/TCGA-BH-A18Q-01Z-00-DX1.E89E49C7-D62A-4408-A3D9-19E79FCB249E.svs/TCGA-BH-A18Q-01Z-00-DX1.E89E49C7-D62A-4408-A3D9-19E79FCB249E.h5,TCGA-BH-A18Q
11,824a50be-c16f-496f-bf51-7f37f5bc1bb7/TCGA-AR-A0TV-01Z-00-DX1.29AE9996-E73A-41F8-BCC9-23DEDCA5A7AC.svs/TCGA-AR-A0TV-01Z-00-DX1.29AE9996-E73A-41F8-BCC9-23DEDCA5A7AC.h5,TCGA-AR-A0TV
13,a21bb798-238a-49a7-866c-4ef8e85eb3c4/TCGA-E2-A10F-01Z-00-DX1.18F9324C-A38F-478E-95DF-B8E172D0DD07.svs/TCGA-E2-A10F-01Z-00-DX1.18F9324C-A38F-478E-95DF-B8E172D0DD07.h5,TCGA-E2-A10F
15,8fb9bb79-fa5d-4be9-a636-c9251b9b9a6e/TCGA-E9-A244-01Z-00-DX1.4FDAA892-9DBF-4E5D-89F3-2A84C8AC8F0A.svs/TCGA-E9-A244-01Z-00-DX1.4FDAA892-9DBF-4E5D-89F3-2A84C8AC8F0A.h5,TCGA-E9-A244
17,00d39e31-94d4-4e9e-a8c5-5310355f71ad/TCGA-BH-A0B5-01Z-00-DX1.742DB0E8-8EB1-47C8-B698-8E2438FB6299.svs/TCGA-BH-A0B5-01Z-00-DX1.742DB0E8-8EB1-47C8-B698-8E2438FB6299.h5,TCGA-BH-A0B5
20,0dcc8304-dfd1-4e79-b23f-30f1143c897c/TCGA-E2-A14N-01Z-00-DX1.15F5644F-CA9F-4688-B56E-BCC00CA4769B.svs/TCGA-E2-A14N-01Z-00-DX1.15F5644F-CA9F-4688-B56E-BCC00CA4769B.h5,TCGA-E2-A14N
21,266c3852-f5d0-4815-94d9-dac5b0ff8276/TCGA-AR-A1AY-01Z-00-DX1.6AC0BE3B-FFC5-4EDA-9E40-B18CAAC52B81.svs/TCGA-AR-A1AY-01Z-00-DX1.6AC0BE3B-FFC5-4EDA-9E40-B18CAAC52B81.h5,TCGA-AR-A1AY
22,67f9ed91-0f42-470f-ab83-4d91a77bf20e/TCGA-AO-A03L-01Z-00-DX1.DE6561A9-E6B8-4BF0-AAA8-F91C87A66037.svs/TCGA-AO-A03L-01Z-00-DX1.DE6561A9-E6B8-4BF0-AAA8-F91C87A66037.h5,TCGA-AO-A03L
23,46291f24-b5c6-4e99-a4a2-a6645ceb6e47/TCGA-BH-A0E2-01Z-00-DX1.5F6FA19C-D59F-45BE-80CE-F738CAB1EF0B.svs/TCGA-BH-A0E2-01Z-00-DX1.5F6FA19C-D59F-45BE-80CE-F738CAB1EF0B.h5,TCGA-BH-A0E2
24,5d19e291-0437-47a8-aee6-3b3adab803ec/TCGA-EW-A1IX-01Z-00-DX1.72AE0E0F-B213-454F-8275-76A7C43FAB86.svs/TCGA-EW-A1IX-01Z-00-DX1.72AE0E0F-B213-454F-8275-76A7C43FAB86.h5,TCGA-EW-A1IX
25,18cddd3f-b493-46fe-bb77-f72f45a254f6/TCGA-BH-A0HA-01Z-00-DX1.5A2F5C86-E1E7-445D-A4E3-29980FA37708.svs/TCGA-BH-A0HA-01Z-00-DX1.5A2F5C86-E1E7-445D-A4E3-29980FA37708.h5,TCGA-BH-A0HA
28,bb839a59-b9d3-4452-9142-efff6d095475/TCGA-E9-A248-01Z-00-DX1.C991932F-39D4-4F2C-91C3-CE12B5BAEDB1.svs/TCGA-E9-A248-01Z-00-DX1.C991932F-39D4-4F2C-91C3-CE12B5BAEDB1.h5,TCGA-E9-A248
30,993a9d90-8508-4db0-b955-813ca5984c93/TCGA-EW-A1PB-01Z-00-DX1.B2E9B88F-C371-4821-9B7B-8A63BB120D95.svs/TCGA-EW-A1PB-01Z-00-DX1.B2E9B88F-C371-4821-9B7B-8A63BB120D95.h5,TCGA-EW-A1PB
32,66fd32f2-3f81-4914-9394-4795414893bd/TCGA-A1-A0SK-01Z-00-DX1.A44D70FA-4D96-43F4-9DD7-A61535786297.svs/TCGA-A1-A0SK-01Z-00-DX1.A44D70FA-4D96-43F4-9DD7-A61535786297.h5,TCGA-A1-A0SK
34,fee53d03-efed-47eb-b261-cb5571715795/TCGA-AO-A12B-01Z-00-DX1.B215230B-5FF7-4B0A-9C1E-5F1658534B11.svs/TCGA-AO-A12B-01Z-00-DX1.B215230B-5FF7-4B0A-9C1E-5F1658534B11.h5,TCGA-AO-A12B
35,86538d07-4a39-4c65-80fa-3e530660eb46/TCGA-AO-A12A-01Z-00-DX1.4E9609A7-9AAD-40A8-8344-8369DF998006.svs/TCGA-AO-A12A-01Z-00-DX1.4E9609A7-9AAD-40A8-8344-8369DF998006.h5,TCGA-AO-A12A
37,8c813d3f-9633-478f-ad25-35b867357c77/TCGA-BH-A0BL-01Z-00-DX1.D5A413B0-2141-4A6F-A671-6C5EA8641D25.svs/TCGA-BH-A0BL-01Z-00-DX1.D5A413B0-2141-4A6F-A671-6C5EA8641D25.h5,TCGA-BH-A0BL
41,c580a40b-fafe-4322-92b7-b065c8bd9f97/TCGA-E2-A10A-01Z-00-DX1.98B19EF1-0DAE-4DC6-8B0E-963CFABC6724.svs/TCGA-E2-A10A-01Z-00-DX1.98B19EF1-0DAE-4DC6-8B0E-963CFABC6724.h5,TCGA-E2-A10A
45,d42eb4ce-d300-46be-8b46-059a98c2ddb8/TCGA-C8-A131-01Z-00-DX1.5CB27A29-9951-40B9-B4DB-26A4D2EA89B8.svs/TCGA-C8-A131-01Z-00-DX1.5CB27A29-9951-40B9-B4DB-26A4D2EA89B8.h5,TCGA-C8-A131
46,78fadacf-2a91-4067-b377-a38a5411f6b4/TCGA-B6-A0RT-01Z-00-DX1.6C2BA663-D61B-404B-B62C-B81747B6A3AC.svs/TCGA-B6-A0RT-01Z-00-DX1.6C2BA663-D61B-404B-B62C-B81747B6A3AC.h5,TCGA-B6-A0RT
48,edcdf8bd-c725-481d-b2c1-ff0f4f41e198/TCGA-BH-A0B4-01Z-00-DX1.A2CB0BF4-32F9-48FD-9B96-A744013BADDB.svs/TCGA-BH-A0B4-01Z-00-DX1.A2CB0BF4-32F9-48FD-9B96-A744013BADDB.h5,TCGA-BH-A0B4
49,cc642734-9367-47b6-9063-ba2918b2d612/TCGA-BH-A1ES-01Z-00-DX1.C54C809F-748F-4BB0-B018-A8A83A4134C0.svs/TCGA-BH-A1ES-01Z-00-DX1.C54C809F-748F-4BB0-B018-A8A83A4134C0.h5,TCGA-BH-A1ES
50,dcbcf0ea-f460-441c-8f25-e61216a234a9/TCGA-EW-A1P3-01Z-00-DX1.EF69B964-57D6-4F8E-A183-A3022AF6E835.svs/TCGA-EW-A1P3-01Z-00-DX1.EF69B964-57D6-4F8E-A183-A3022AF6E835.h5,TCGA-EW-A1P3
52,cb3ca443-0348-4a33-90d9-1e1c914efe2a/TCGA-BH-A0BZ-01Z-00-DX1.45EB3E93-A871-49C6-9EAE-90D98AE01913.svs/TCGA-BH-A0BZ-01Z-00-DX1.45EB3E93-A871-49C6-9EAE-90D98AE01913.h5,TCGA-BH-A0BZ
53,4071558e-3697-4cc1-af45-87873ab4e389/TCGA-AR-A24O-01Z-00-DX1.04EFBAC8-7A4A-4005-890C-5CC3E1C67DBD.svs/TCGA-AR-A24O-01Z-00-DX1.04EFBAC8-7A4A-4005-890C-5CC3E1C67DBD.h5,TCGA-AR-A24O
55,aef825ae-1b7a-4f6e-9c91-0875301eee06/TCGA-EW-A1OW-01Z-00-DX1.97888686-EBB6-4B13-AB5D-452F475E865B.svs/TCGA-EW-A1OW-01Z-00-DX1.97888686-EBB6-4B13-AB5D-452F475E865B.h5,TCGA-EW-A1OW
56,c4905820-3617-43de-b4f4-737d75d792d2/TCGA-AO-A0J6-01Z-00-DX1.D0C003CE-E112-4375-953D-78404C9D62DA.svs/TCGA-AO-A0J6-01Z-00-DX1.D0C003CE-E112-4375-953D-78404C9D62DA.h5,TCGA-AO-A0J6
58,11faafb6-b10a-49a5-a55d-d6b9ec843ae8/TCGA-B6-A0IQ-01Z-00-DX1.662EA039-825E-41FF-91D6-021EB0E099BD.svs/TCGA-B6-A0IQ-01Z-00-DX1.662EA039-825E-41FF-91D6-021EB0E099BD.h5,TCGA-B6-A0IQ
59,a7ccf35e-56a9-4bd9-904c-59b1b0cc33b4/TCGA-E2-A1L6-01Z-00-DX1.AFE87067-2BFD-42C2-9334-9DDE8AB61B49.svs/TCGA-E2-A1L6-01Z-00-DX1.AFE87067-2BFD-42C2-9334-9DDE8AB61B49.h5,TCGA-E2-A1L6
61,127398d0-9372-431e-92bf-fd5589fca3f2/TCGA-AO-A124-01Z-00-DX1.E3C7B017-6154-4630-9BDE-0CAC946D0209.svs/TCGA-AO-A124-01Z-00-DX1.E3C7B017-6154-4630-9BDE-0CAC946D0209.h5,TCGA-AO-A124
63,c6c68d8a-1b0e-4c2c-807a-f7752a02634c/TCGA-EW-A1OX-01Z-00-DX1.9B19CBEE-E592-4A4D-839F-CECDCA20F4B1.svs/TCGA-EW-A1OX-01Z-00-DX1.9B19CBEE-E592-4A4D-839F-CECDCA20F4B1.h5,TCGA-EW-A1OX
64,9c8c8490-abaa-4a61-a248-4902d9da82c8/TCGA-E9-A22H-01Z-00-DX1.0ee39fd1-b077-40ea-bd0d-8a3db474fdd5.svs/TCGA-E9-A22H-01Z-00-DX1.0ee39fd1-b077-40ea-bd0d-8a3db474fdd5.h5,TCGA-E9-A22H
67,de7f94cb-e730-464b-8012-c2600c5e6510/TCGA-AR-A0TS-01Z-00-DX1.2DB81A2E-16C1-4EE0-8175-65FA46768277.svs/TCGA-AR-A0TS-01Z-00-DX1.2DB81A2E-16C1-4EE0-8175-65FA46768277.h5,TCGA-AR-A0TS
69,465c44ea-fe8c-405e-8e21-c593b009d374/TCGA-AR-A1AN-01Z-00-DX1.1118F9FE-6DF2-4496-B102-D3A10D332EC0.svs/TCGA-AR-A1AN-01Z-00-DX1.1118F9FE-6DF2-4496-B102-D3A10D332EC0.h5,TCGA-AR-A1AN
70,7a57f6ca-7b02-4eed-8709-036fbcb5746e/TCGA-AR-A24Q-01Z-00-DX1.69DC7E35-DC0D-4F20-88DA-04C25F28628C.svs/TCGA-AR-A24Q-01Z-00-DX1.69DC7E35-DC0D-4F20-88DA-04C25F28628C.h5,TCGA-AR-A24Q
72,bffe8eaa-c251-4ff3-b7c3-cf98d692b4b9/TCGA-AR-A1AK-01Z-00-DX1.0AFFA0B5-D1A6-43E9-892A-7CB16A79E5F9.svs/TCGA-AR-A1AK-01Z-00-DX1.0AFFA0B5-D1A6-43E9-892A-7CB16A79E5F9.h5,TCGA-AR-A1AK
75,4d80b284-86ef-4dd5-b09f-14bd6d171d9d/TCGA-E2-A1LS-01Z-00-DX1.9a43a58a-df40-4375-8456-ef0071bc9eb9.svs/TCGA-E2-A1LS-01Z-00-DX1.9a43a58a-df40-4375-8456-ef0071bc9eb9.h5,TCGA-E2-A1LS
76,2c3dea2c-5ce6-4de5-ad15-b3f9416b0ab4/TCGA-EW-A1J1-01Z-00-DX1.FFC2D5DB-E6D0-4143-A1E7-0A2027846C8C.svs/TCGA-EW-A1J1-01Z-00-DX1.FFC2D5DB-E6D0-4143-A1E7-0A2027846C8C.h5,TCGA-EW-A1J1
79,0760cc7a-614b-4c00-acc0-6826c028ffe5/TCGA-AR-A251-01Z-00-DX1.E91E357A-3AD4-4F79-A698-05F0B21A37EC.svs/TCGA-AR-A251-01Z-00-DX1.E91E357A-3AD4-4F79-A698-05F0B21A37EC.h5,TCGA-AR-A251
80,4bc7607b-c1e3-4394-8e6f-0a343d79eddd/TCGA-BH-A0WA-01Z-00-DX1.C0EB7B73-5529-49EC-B660-3F849B041963.svs/TCGA-BH-A0WA-01Z-00-DX1.C0EB7B73-5529-49EC-B660-3F849B041963.h5,TCGA-BH-A0WA
82,34543318-23f4-48fc-aeed-fcab7991e8e3/TCGA-BH-A0DZ-01Z-00-DX1.138BAEC2-589E-4960-B94E-DF48DDAA5490.svs/TCGA-BH-A0DZ-01Z-00-DX1.138BAEC2-589E-4960-B94E-DF48DDAA5490.h5,TCGA-BH-A0DZ
83,5acee561-9fab-46d5-b0ff-8be3af8ebd75/TCGA-BH-A0DQ-01Z-00-DX1.5A98747C-52D9-45AD-BC84-934A96F069EB.svs/TCGA-BH-A0DQ-01Z-00-DX1.5A98747C-52D9-45AD-BC84-934A96F069EB.h5,TCGA-BH-A0DQ
88,66cfc895-af23-4992-9e27-ad3988b54af7/TCGA-BH-A1F6-01Z-00-DX1.E83F0DC0-EA2C-4641-81B0-8702B9C5D579.svs/TCGA-BH-A1F6-01Z-00-DX1.E83F0DC0-EA2C-4641-81B0-8702B9C5D579.h5,TCGA-BH-A1F6
92,f05745bd-4371-431a-bd78-69f62e69f524/TCGA-E2-A1II-01Z-00-DX1.7F782477-0F92-4C57-8735-A1E3F95A6B94.svs/TCGA-E2-A1II-01Z-00-DX1.7F782477-0F92-4C57-8735-A1E3F95A6B94.h5,TCGA-E2-A1II
93,2407e90a-d2a7-412d-97a5-62fedcece4ff/TCGA-B6-A0RL-01Z-00-DX1.B5B6709B-5F38-4561-A0E7-C78F97B33F22.svs/TCGA-B6-A0RL-01Z-00-DX1.B5B6709B-5F38-4561-A0E7-C78F97B33F22.h5,TCGA-B6-A0RL
94,843d9a61-446f-47dc-b47a-8950f4e9f64a/TCGA-E9-A1N5-01Z-00-DX1.94DE7B4B-3798-4CC2-8A64-77796A58821A.svs/TCGA-E9-A1N5-01Z-00-DX1.94DE7B4B-3798-4CC2-8A64-77796A58821A.h5,TCGA-E9-A1N5
97,c3658f7f-b174-4971-9a27-271d16a48669/TCGA-AO-A0JG-01Z-00-DX1.FA785D56-B4FF-4CC3-A631-5C748E8E0558.svs/TCGA-AO-A0JG-01Z-00-DX1.FA785D56-B4FF-4CC3-A631-5C748E8E0558.h5,TCGA-AO-A0JG
99,069a8f13-04e2-41c7-ab64-90a465c7c4bc/TCGA-AR-A0TQ-01Z-00-DX1.2BEA298C-6B3D-4133-ADBC-769E62CEFFA0.svs/TCGA-AR-A0TQ-01Z-00-DX1.2BEA298C-6B3D-4133-ADBC-769E62CEFFA0.h5,TCGA-AR-A0TQ
100,1d203edb-f167-4684-ab43-e4edfb3e95ff/TCGA-AR-A24K-01Z-00-DX1.3A56BAEC-484E-4F9B-BCB4-360ABF6DDB4B.svs/TCGA-AR-A24K-01Z-00-DX1.3A56BAEC-484E-4F9B-BCB4-360ABF6DDB4B.h5,TCGA-AR-A24K
101,e2bf3d1f-c5cd-4551-bf2d-0a4fe79ae2da/TCGA-BH-A18T-01Z-00-DX1.90123A74-F631-4538-AB2E-4076486ADF88.svs/TCGA-BH-A18T-01Z-00-DX1.90123A74-F631-4538-AB2E-4076486ADF88.h5,TCGA-BH-A18T
107,4c67c9d0-9274-4a4e-9966-baec9841c77f/TCGA-AR-A24M-01Z-00-DX1.D81F1BDF-00DD-42A3-AFFE-55655A877213.svs/TCGA-AR-A24M-01Z-00-DX1.D81F1BDF-00DD-42A3-AFFE-55655A877213.h5,TCGA-AR-A24M
110,e90eb535-211f-430b-878a-cfd5785f761b/TCGA-AR-A2LH-01Z-00-DX1.40D4FD67-FB13-46D9-A202-56A5791EA11C.svs/TCGA-AR-A2LH-01Z-00-DX1.40D4FD67-FB13-46D9-A202-56A5791EA11C.h5,TCGA-AR-A2LH
114,86d7c274-bd7a-4dbb-b2b1-2fdf1033b4dd/TCGA-B6-A0I8-01Z-00-DX1.E576652B-C3F6-4A01-83BC-6DD154C75605.svs/TCGA-B6-A0I8-01Z-00-DX1.E576652B-C3F6-4A01-83BC-6DD154C75605.h5,TCGA-B6-A0I8
117,919a8227-b4fd-4b0b-b940-e385df998081/TCGA-B6-A0X1-01Z-00-DX1.2A41630E-A8BF-4966-99F5-D5D8036B1759.svs/TCGA-B6-A0X1-01Z-00-DX1.2A41630E-A8BF-4966-99F5-D5D8036B1759.h5,TCGA-B6-A0X1
118,3845b8bd-cbe0-49cf-a418-a8120f6c23db/TCGA-A1-A0SH-01Z-00-DX1.90E71B08-E1D9-4FC2-85AC-062E56DDF17C.svs/TCGA-A1-A0SH-01Z-00-DX1.90E71B08-E1D9-4FC2-85AC-062E56DDF17C.h5,TCGA-A1-A0SH
119,9a3a3830-9674-4f9b-985f-e50062e78807/TCGA-A1-A0SJ-01Z-00-DX1.C196FA66-C376-4016-86BC-3D8E745B3A51.svs/TCGA-A1-A0SJ-01Z-00-DX1.C196FA66-C376-4016-86BC-3D8E745B3A51.h5,TCGA-A1-A0SJ
123,63b2184b-03f7-457c-968a-2243c41e74cd/TCGA-EW-A1P8-01Z-00-DX1.E9852193-8CDD-49EF-B49B-DA6931198F0D.svs/TCGA-EW-A1P8-01Z-00-DX1.E9852193-8CDD-49EF-B49B-DA6931198F0D.h5,TCGA-EW-A1P8
124,63f10c46-8870-40dd-a531-6317306be707/TCGA-E2-A15D-01Z-00-DX1.AA5AF847-3635-4BAF-AAC3-BADB4A1B2CB1.svs/TCGA-E2-A15D-01Z-00-DX1.AA5AF847-3635-4BAF-AAC3-BADB4A1B2CB1.h5,TCGA-E2-A15D
127,7d0b8ace-0a94-444a-b48e-6cdb4a7665ca/TCGA-A1-A0SM-01Z-00-DX1.AD503DBD-4D93-4476-B467-F091254FDF78.svs/TCGA-A1-A0SM-01Z-00-DX1.AD503DBD-4D93-4476-B467-F091254FDF78.h5,TCGA-A1-A0SM
128,c03ab317-6127-4010-867b-8b674df98044/TCGA-BH-A0C0-01Z-00-DX1.2D32D35A-EB7E-4D0E-BE5F-E56F7B930463.svs/TCGA-BH-A0C0-01Z-00-DX1.2D32D35A-EB7E-4D0E-BE5F-E56F7B930463.h5,TCGA-BH-A0C0
132,8202b7ec-974a-4d1c-857a-89e90151515b/TCGA-B6-A0RV-01Z-00-DX1.C46C2937-868D-47B7-B9B9-E51F5433BE97.svs/TCGA-B6-A0RV-01Z-00-DX1.C46C2937-868D-47B7-B9B9-E51F5433BE97.h5,TCGA-B6-A0RV
135,295469fa-186f-4b50-881f-07e63e4405cc/TCGA-EW-A1IY-01Z-00-DX1.3FD00274-C2CD-491A-915B-23FD535A4723.svs/TCGA-EW-A1IY-01Z-00-DX1.3FD00274-C2CD-491A-915B-23FD535A4723.h5,TCGA-EW-A1IY
136,05731e24-2d30-4cb0-9c61-c8bdbfbf77b9/TCGA-E2-A1AZ-01Z-00-DX1.FE769F5F-385B-4DCF-819A-735C98D84FA8.svs/TCGA-E2-A1AZ-01Z-00-DX1.FE769F5F-385B-4DCF-819A-735C98D84FA8.h5,TCGA-E2-A1AZ
138,745c5fd8-def8-46f7-84bd-ea6c573156fd/TCGA-BH-A0B9-01Z-00-DX1.C23ADB4C-52D4-4DFD-B8E3-156E43F0E645.svs/TCGA-BH-A0B9-01Z-00-DX1.C23ADB4C-52D4-4DFD-B8E3-156E43F0E645.h5,TCGA-BH-A0B9
139,c411216f-e0d1-4970-b036-d4c3c560da89/TCGA-BH-A0BQ-01Z-00-DX1.F5C6386B-BB2C-49DF-B3B8-6C4B80D060D4.svs/TCGA-BH-A0BQ-01Z-00-DX1.F5C6386B-BB2C-49DF-B3B8-6C4B80D060D4.h5,TCGA-BH-A0BQ
143,a4e25e73-263e-42a0-9cc2-5fa6fd09e083/TCGA-BH-A0BD-01Z-00-DX1.CD4A6FC2-BA8C-4E30-972A-E6CD1BEAD8AD.svs/TCGA-BH-A0BD-01Z-00-DX1.CD4A6FC2-BA8C-4E30-972A-E6CD1BEAD8AD.h5,TCGA-BH-A0BD
146,e97f5305-f609-4bb9-aa05-cde96c9a0016/TCGA-E9-A22G-01Z-00-DX1.2b47e321-7910-40ec-ad1c-c4e08ed26334.svs/TCGA-E9-A22G-01Z-00-DX1.2b47e321-7910-40ec-ad1c-c4e08ed26334.h5,TCGA-E9-A22G
151,5fd4b14e-7f72-47e1-b0cf-b5b39389171e/TCGA-BH-A1FM-01Z-00-DX1.860C5169-FE2B-43A6-A13D-E736374303DD.svs/TCGA-BH-A1FM-01Z-00-DX1.860C5169-FE2B-43A6-A13D-E736374303DD.h5,TCGA-BH-A1FM
152,43b25038-2f66-4bd4-b2af-69130271fd1d/TCGA-BH-A0DT-01Z-00-DX1.73AFCEBB-06B1-4870-ADA2-881511B1BE2D.svs/TCGA-BH-A0DT-01Z-00-DX1.73AFCEBB-06B1-4870-ADA2-881511B1BE2D.h5,TCGA-BH-A0DT
155,4ffc6737-cc10-4394-b543-593e7f3ccedd/TCGA-E9-A1ND-01Z-00-DX1.5C2F5250-A3B2-4B97-9E11-56CF3C7CA2DB.svs/TCGA-E9-A1ND-01Z-00-DX1.5C2F5250-A3B2-4B97-9E11-56CF3C7CA2DB.h5,TCGA-E9-A1ND
159,36c5fcb4-8df6-448d-9521-7e15fe1b7633/TCGA-BH-A18G-01Z-00-DX1.DB2B5819-CE83-4E07-BD03-2CD9CF2E246C.svs/TCGA-BH-A18G-01Z-00-DX1.DB2B5819-CE83-4E07-BD03-2CD9CF2E246C.h5,TCGA-BH-A18G
160,c92280a3-2025-463e-b791-1946c09964dd/TCGA-C8-A12V-01Z-00-DX1.84B29360-B87B-4648-A697-B6610336C2BB.svs/TCGA-C8-A12V-01Z-00-DX1.84B29360-B87B-4648-A697-B6610336C2BB.h5,TCGA-C8-A12V
161,4fa9d2cb-379e-4183-b5c6-a8ba2a15ee57/TCGA-AR-A0U1-01Z-00-DX1.276433E7-E841-42D2-AF21-762F2FEA3B9B.svs/TCGA-AR-A0U1-01Z-00-DX1.276433E7-E841-42D2-AF21-762F2FEA3B9B.h5,TCGA-AR-A0U1
163,fbaa36d1-20c8-49d3-bf67-bf6aae019580/TCGA-BH-A0BV-01Z-00-DX1.3C9CD4F7-A001-430D-AA8D-80CAD61C344E.svs/TCGA-BH-A0BV-01Z-00-DX1.3C9CD4F7-A001-430D-AA8D-80CAD61C344E.h5,TCGA-BH-A0BV
164,d6243a44-5912-4eb7-92e7-113f99b8b0bb/TCGA-AO-A03M-01Z-00-DX1.9998A9A0-D0A6-48FC-80FB-AE597CB9E8AA.svs/TCGA-AO-A03M-01Z-00-DX1.9998A9A0-D0A6-48FC-80FB-AE597CB9E8AA.h5,TCGA-AO-A03M
166,1ddaf37b-31c3-4e1c-86b4-8927fe67c3d8/TCGA-BH-A0C3-01Z-00-DX1.14D3210D-0CBE-4DCA-A986-A26AE5382502.svs/TCGA-BH-A0C3-01Z-00-DX1.14D3210D-0CBE-4DCA-A986-A26AE5382502.h5,TCGA-BH-A0C3
168,e6fbb7dc-d4ef-486a-befc-48ece853b973/TCGA-AC-A2QH-01Z-00-DX1.00B8BFFF-F1E2-4F99-A969-8DD7EE4F8E0B.svs/TCGA-AC-A2QH-01Z-00-DX1.00B8BFFF-F1E2-4F99-A969-8DD7EE4F8E0B.h5,TCGA-AC-A2QH
170,dca229d0-c1ba-4a34-a703-1f611f7fd15e/TCGA-BH-A208-01Z-00-DX1.C7A2885D-0535-4506-B06E-82BC62D6DFE9.svs/TCGA-BH-A208-01Z-00-DX1.C7A2885D-0535-4506-B06E-82BC62D6DFE9.h5,TCGA-BH-A208
172,e7d1ac4e-b60c-4fd2-beef-2abd5e4571f6/TCGA-E2-A1LG-01Z-00-DX1.8ff0fdd8-e5d5-4ff8-8707-4a760aaa5d36.svs/TCGA-E2-A1LG-01Z-00-DX1.8ff0fdd8-e5d5-4ff8-8707-4a760aaa5d36.h5,TCGA-E2-A1LG
173,73f67a22-be29-4f3a-856a-8865e6eaa76f/TCGA-E2-A1IO-01Z-00-DX1.C812D02F-3B40-496B-9EF5-7F68ADE64962.svs/TCGA-E2-A1IO-01Z-00-DX1.C812D02F-3B40-496B-9EF5-7F68ADE64962.h5,TCGA-E2-A1IO
174,03a7acd9-178a-4165-9588-fa63e46f3387/TCGA-AO-A1KO-01Z-00-DX1.EEB5E0A0-92B2-42CD-9F7A-00E9250B561F.svs/TCGA-AO-A1KO-01Z-00-DX1.EEB5E0A0-92B2-42CD-9F7A-00E9250B561F.h5,TCGA-AO-A1KO
177,a0c4d3cb-7d9f-48be-b307-75493f205d0e/TCGA-B6-A0I9-01Z-00-DX1.78E1D43A-507E-482E-B988-AF13B12B4497.svs/TCGA-B6-A0I9-01Z-00-DX1.78E1D43A-507E-482E-B988-AF13B12B4497.h5,TCGA-B6-A0I9
178,20d69f17-d957-4dc2-ae29-3f28a9518868/TCGA-B6-A0IE-01Z-00-DX1.E6C4E5C0-338C-481D-B691-0385E8D090B1.svs/TCGA-B6-A0IE-01Z-00-DX1.E6C4E5C0-338C-481D-B691-0385E8D090B1.h5,TCGA-B6-A0IE
179,0995fcc7-47c6-43af-abdb-3a00b960467b/TCGA-B6-A0IN-01Z-00-DX1.5C1CBEF7-0C4A-4B22-A85B-6F6FD9435573.svs/TCGA-B6-A0IN-01Z-00-DX1.5C1CBEF7-0C4A-4B22-A85B-6F6FD9435573.h5,TCGA-B6-A0IN
187,cea82b7d-135a-49d5-b4f6-3fb0215f7188/TCGA-A1-A0SB-01Z-00-DX1.B34C267B-CAAA-4AB6-AD5C-276C26F997A1.svs/TCGA-A1-A0SB-01Z-00-DX1.B34C267B-CAAA-4AB6-AD5C-276C26F997A1.h5,TCGA-A1-A0SB
188,b94f511f-7062-4e9f-ad6d-23371419299b/TCGA-BH-A0W7-01Z-00-DX1.93F11232-A1FB-4682-B744-3531D4DF11AF.svs/TCGA-BH-A0W7-01Z-00-DX1.93F11232-A1FB-4682-B744-3531D4DF11AF.h5,TCGA-BH-A0W7
189,9e4e1b4c-8d44-4bdc-8b9a-272a6c13e7ae/TCGA-B6-A0I5-01Z-00-DX1.47A30509-4BA0-4BA5-AD9B-F2C2DB701159.svs/TCGA-B6-A0I5-01Z-00-DX1.47A30509-4BA0-4BA5-AD9B-F2C2DB701159.h5,TCGA-B6-A0I5
190,eed0b09f-9b9f-4da3-b24b-8d916be3fa3e/TCGA-EW-A1PH-01Z-00-DX1.77e0f907-fe59-4dc2-b582-6f10330a9c01.svs/TCGA-EW-A1PH-01Z-00-DX1.77e0f907-fe59-4dc2-b582-6f10330a9c01.h5,TCGA-EW-A1PH
192,7f454192-063c-405a-b047-b771922d0378/TCGA-BH-A0DG-01Z-00-DX1.D3C4F57F-608F-46AA-A978-B558117C9DFB.svs/TCGA-BH-A0DG-01Z-00-DX1.D3C4F57F-608F-46AA-A978-B558117C9DFB.h5,TCGA-BH-A0DG
193,8de9ae1f-f0e4-4bbc-ba5b-d767c830f0cb/TCGA-AO-A0J7-01Z-00-DX1.DBA7BA24-CEEF-4636-87BB-D12D8DF016A3.svs/TCGA-AO-A0J7-01Z-00-DX1.DBA7BA24-CEEF-4636-87BB-D12D8DF016A3.h5,TCGA-AO-A0J7
196,8ffdde89-cb67-4707-a00c-b8d3089a7bf5/TCGA-AR-A256-01Z-00-DX1.950D4546-4BF4-4380-9877-51D86A93D755.svs/TCGA-AR-A256-01Z-00-DX1.950D4546-4BF4-4380-9877-51D86A93D755.h5,TCGA-AR-A256
197,b997c3c7-af51-413c-9a06-e9582bc010e9/TCGA-B6-A0WY-01Z-00-DX1.FA103E02-3BDC-47DC-BA6E-59FCC58866D1.svs/TCGA-B6-A0WY-01Z-00-DX1.FA103E02-3BDC-47DC-BA6E-59FCC58866D1.h5,TCGA-B6-A0WY
199,0f8ce6d5-182f-41eb-8a1e-fe3bda2dcbbf/TCGA-E9-A1NE-01Z-00-DX1.f332124a-cdab-4ab5-82d1-4b8b7f3c9821.svs/TCGA-E9-A1NE-01Z-00-DX1.f332124a-cdab-4ab5-82d1-4b8b7f3c9821.h5,TCGA-E9-A1NE
200,9fa07838-a335-4540-af62-6c9cbabc2327/TCGA-BH-A1FC-01Z-00-DX1.B816A21B-1559-42F5-902A-A1532E59C015.svs/TCGA-BH-A1FC-01Z-00-DX1.B816A21B-1559-42F5-902A-A1532E59C015.h5,TCGA-BH-A1FC
201,a1ec9d1d-da82-4814-915b-bef1f6a3a3a8/TCGA-AO-A0JA-01Z-00-DX1.E3DDBAAF-6FFA-40BE-83FF-942857CFED5D.svs/TCGA-AO-A0JA-01Z-00-DX1.E3DDBAAF-6FFA-40BE-83FF-942857CFED5D.h5,TCGA-AO-A0JA
203,a221cf48-592f-46db-b067-e3515a4262cb/TCGA-E2-A159-01Z-00-DX1.C8DC3356-CAE9-4E7A-AEFF-ABB4BE38192B.svs/TCGA-E2-A159-01Z-00-DX1.C8DC3356-CAE9-4E7A-AEFF-ABB4BE38192B.h5,TCGA-E2-A159
204,d953668b-4a60-4e7c-a001-0d74e0ad6e93/TCGA-E2-A14Y-01Z-00-DX1.804A22A3-FD8D-4C8A-A766-48D28434DE22.svs/TCGA-E2-A14Y-01Z-00-DX1.804A22A3-FD8D-4C8A-A766-48D28434DE22.h5,TCGA-E2-A14Y
205,9828367e-9ee3-48ff-ad33-b2842f8f120e/TCGA-AR-A24P-01Z-00-DX1.08BE8830-C55E-4E2B-9378-371A670C75FD.svs/TCGA-AR-A24P-01Z-00-DX1.08BE8830-C55E-4E2B-9378-371A670C75FD.h5,TCGA-AR-A24P
207,8b523360-eac2-4e93-aa58-5f109bbb6820/TCGA-E2-A150-01Z-00-DX1.55643D23-83E6-4058-8EA5-18AAA8547839.svs/TCGA-E2-A150-01Z-00-DX1.55643D23-83E6-4058-8EA5-18AAA8547839.h5,TCGA-E2-A150
208,e4743080-e74f-4214-bb26-a5ff5a03b032/TCGA-C8-A26V-01Z-00-DX1.6E86DF74-D575-4969-8142-963D9DF5208F.svs/TCGA-C8-A26V-01Z-00-DX1.6E86DF74-D575-4969-8142-963D9DF5208F.h5,TCGA-C8-A26V
212,499207be-4cec-4a7e-9d37-66b9b3ae833b/TCGA-BH-A0AU-01Z-00-DX1.E852F218-B15C-4CF8-8FD0-F284043834C4.svs/TCGA-BH-A0AU-01Z-00-DX1.E852F218-B15C-4CF8-8FD0-F284043834C4.h5,TCGA-BH-A0AU
213,e6ab1786-2cf7-4346-900b-54b9d87199b8/TCGA-AR-A1AH-01Z-00-DX1.5D5D7774-77BB-4EA0-9E8E-A8D28F70A575.svs/TCGA-AR-A1AH-01Z-00-DX1.5D5D7774-77BB-4EA0-9E8E-A8D28F70A575.h5,TCGA-AR-A1AH
214,41283902-1b1a-44d7-bc0c-a45b2ccd071c/TCGA-B6-A0RH-01Z-00-DX1.33DB5CF9-AC87-435B-A8AF-C4F84BEF15F1.svs/TCGA-B6-A0RH-01Z-00-DX1.33DB5CF9-AC87-435B-A8AF-C4F84BEF15F1.h5,TCGA-B6-A0RH
215,4bf784ec-1b5f-4988-a628-966f5b8061b2/TCGA-C8-A27B-01Z-00-DX1.5A8A14E8-6430-4147-9C71-805024E098CB.svs/TCGA-C8-A27B-01Z-00-DX1.5A8A14E8-6430-4147-9C71-805024E098CB.h5,TCGA-C8-A27B
220,52712e45-85a3-484e-aff2-51eb6ad42daf/TCGA-BH-A0AV-01Z-00-DX1.5A686DA4-A29D-4BA7-9BCA-B707F8755E83.svs/TCGA-BH-A0AV-01Z-00-DX1.5A686DA4-A29D-4BA7-9BCA-B707F8755E83.h5,TCGA-BH-A0AV
223,787730b7-c174-4241-a8f7-abb69d971df4/TCGA-AR-A1AJ-01Z-00-DX1.34B9FCF0-74D8-4328-9B5A-698AD57EDA85.svs/TCGA-AR-A1AJ-01Z-00-DX1.34B9FCF0-74D8-4328-9B5A-698AD57EDA85.h5,TCGA-AR-A1AJ
226,672685f0-fe97-415f-b52b-e451ac87294f/TCGA-E2-A158-01Z-00-DX1.994C60FE-E651-4224-95E7-4669834F2338.svs/TCGA-E2-A158-01Z-00-DX1.994C60FE-E651-4224-95E7-4669834F2338.h5,TCGA-E2-A158
227,9cdff1f4-7124-4870-b748-fa97601122f2/TCGA-AO-A0JL-01Z-00-DX1.473CC200-221A-4777-B19E-ADC41D10FC94.svs/TCGA-AO-A0JL-01Z-00-DX1.473CC200-221A-4777-B19E-ADC41D10FC94.h5,TCGA-AO-A0JL
228,d2c7ad27-6090-421e-a12e-2cb66a5417e4/TCGA-E2-A1LK-01Z-00-DX1.5EBAA1F4-F1B4-4938-A51F-0246621BB0ED.svs/TCGA-E2-A1LK-01Z-00-DX1.5EBAA1F4-F1B4-4938-A51F-0246621BB0ED.h5,TCGA-E2-A1LK
230,8fef8f57-cb43-43d7-a442-97d095ad203e/TCGA-B6-A0WX-01Z-00-DX1.1C4F7BCC-8423-4941-9490-0F35038E1878.svs/TCGA-B6-A0WX-01Z-00-DX1.1C4F7BCC-8423-4941-9490-0F35038E1878.h5,TCGA-B6-A0WX
231,605b7109-bd06-4b3b-8970-d8680c331b14/TCGA-EW-A1P7-01Z-00-DX1.97575C9F-C318-45A5-A4B7-1A902B93FA3F.svs/TCGA-EW-A1P7-01Z-00-DX1.97575C9F-C318-45A5-A4B7-1A902B93FA3F.h5,TCGA-EW-A1P7
232,0334c3e5-ea1f-4f55-bcc1-e8cd8b450921/TCGA-E9-A1N4-01Z-00-DX1.71c8d4a5-ec99-4012-9fe2-ddb3349ad5bc.svs/TCGA-E9-A1N4-01Z-00-DX1.71c8d4a5-ec99-4012-9fe2-ddb3349ad5bc.h5,TCGA-E9-A1N4
233,ed2a1195-cf9f-443c-8d44-9966f576608b/TCGA-BH-A0H5-01Z-00-DX1.28F24D4D-EE80-4EDA-BC30-A194E22FD61C.svs/TCGA-BH-A0H5-01Z-00-DX1.28F24D4D-EE80-4EDA-BC30-A194E22FD61C.h5,TCGA-BH-A0H5
234,e47bd352-9d96-4abd-b673-9d30038d218a/TCGA-B6-A0RI-01Z-00-DX1.E39951A4-AC6A-4B07-851B-F35CB86D79AA.svs/TCGA-B6-A0RI-01Z-00-DX1.E39951A4-AC6A-4B07-851B-F35CB86D79AA.h5,TCGA-B6-A0RI
237,b56643ef-970e-48cb-bf38-60bfa688f1e5/TCGA-BH-A0H3-01Z-00-DX1.C6D4DFB9-A4FA-40B2-90EF-75294CBC4523.svs/TCGA-BH-A0H3-01Z-00-DX1.C6D4DFB9-A4FA-40B2-90EF-75294CBC4523.h5,TCGA-BH-A0H3
238,7569475e-a1c6-4e6c-ab0f-da5de782e7cd/TCGA-AR-A1AI-01Z-00-DX1.5EF2A589-4284-45CF-BF0C-169E3A85530C.svs/TCGA-AR-A1AI-01Z-00-DX1.5EF2A589-4284-45CF-BF0C-169E3A85530C.h5,TCGA-AR-A1AI
243,76ab7a55-3d1e-43fe-8078-7c648f4a02bb/TCGA-AR-A0U0-01Z-00-DX1.C8BECD9F-68D9-47B1-B31E-C1C6CAE456B6.svs/TCGA-AR-A0U0-01Z-00-DX1.C8BECD9F-68D9-47B1-B31E-C1C6CAE456B6.h5,TCGA-AR-A0U0
245,dd988de8-397e-488d-aa6b-03de44276da4/TCGA-BH-A1FH-01Z-00-DX1.F90A691F-B6DB-4C4A-9975-9A2CB01F29E2.svs/TCGA-BH-A1FH-01Z-00-DX1.F90A691F-B6DB-4C4A-9975-9A2CB01F29E2.h5,TCGA-BH-A1FH
246,724c52cb-9e6e-4a8d-9693-7fca34e77faa/TCGA-BH-A0DD-01Z-00-DX1.2242DD1F-0B7C-4B43-A7A9-8130D2BDEE78.svs/TCGA-BH-A0DD-01Z-00-DX1.2242DD1F-0B7C-4B43-A7A9-8130D2BDEE78.h5,TCGA-BH-A0DD
248,e19be2bd-3482-4612-b9de-5027eae356f7/TCGA-BH-A0RX-01Z-00-DX1.B4ABAFB9-6696-4F22-9468-DA56E1AD32D3.svs/TCGA-BH-A0RX-01Z-00-DX1.B4ABAFB9-6696-4F22-9468-DA56E1AD32D3.h5,TCGA-BH-A0RX
249,26eb27eb-84c8-4fea-a51b-c3eb5c484b33/TCGA-E2-A1LI-01Z-00-DX1.503dd2fa-23ef-4b11-8aab-301e069eaa88.svs/TCGA-E2-A1LI-01Z-00-DX1.503dd2fa-23ef-4b11-8aab-301e069eaa88.h5,TCGA-E2-A1LI
250,a5fef0d4-d358-490d-aca4-8c1eae62be3d/TCGA-BH-A18V-01Z-00-DX1.7797760A-05CD-436E-97DA-31D6201F943B.svs/TCGA-BH-A18V-01Z-00-DX1.7797760A-05CD-436E-97DA-31D6201F943B.h5,TCGA-BH-A18V
251,ca1f5e9c-2943-4cfd-829b-ad7713f49fa0/TCGA-AR-A0TU-01Z-00-DX1.2CBBDDAB-C1DD-4205-A555-431542F9C069.svs/TCGA-AR-A0TU-01Z-00-DX1.2CBBDDAB-C1DD-4205-A555-431542F9C069.h5,TCGA-AR-A0TU
252,e2e311be-a900-4214-a604-0e65415444f2/TCGA-C8-A12U-01Z-00-DX1.8E90FC9F-630E-4611-A5D2-D6F11DBE81EF.svs/TCGA-C8-A12U-01Z-00-DX1.8E90FC9F-630E-4611-A5D2-D6F11DBE81EF.h5,TCGA-C8-A12U
253,0bd7ca22-a281-427c-a5ef-b59b5dd02da3/TCGA-BH-A0DE-01Z-00-DX1.64A0340A-8146-48E8-AAF7-4035988B9152.svs/TCGA-BH-A0DE-01Z-00-DX1.64A0340A-8146-48E8-AAF7-4035988B9152.h5,TCGA-BH-A0DE
254,c5331e5e-10b4-4979-958b-d4592a2805de/TCGA-BH-A0BG-01Z-00-DX1.0838FB7F-8C85-4687-9F70-D136A1063383.svs/TCGA-BH-A0BG-01Z-00-DX1.0838FB7F-8C85-4687-9F70-D136A1063383.h5,TCGA-BH-A0BG
258,baf6eef1-9c9e-4022-b19d-c1f1e438ed93/TCGA-AR-A1AX-01Z-00-DX1.2389D54F-545E-499E-B392-DD731834460A.svs/TCGA-AR-A1AX-01Z-00-DX1.2389D54F-545E-499E-B392-DD731834460A.h5,TCGA-AR-A1AX
259,8883da25-f7d7-4501-bb14-6b9a954721b6/TCGA-B6-A0IJ-01Z-00-DX1.BF2E062F-06DA-4CA8-86C4-36674C035CAA.svs/TCGA-B6-A0IJ-01Z-00-DX1.BF2E062F-06DA-4CA8-86C4-36674C035CAA.h5,TCGA-B6-A0IJ
260,b545c7e6-8318-47e1-8ed4-62a5883a1d1c/TCGA-BH-A0W4-01Z-00-DX1.23E017DC-15CB-4838-AC91-CFB11B932AB0.svs/TCGA-BH-A0W4-01Z-00-DX1.23E017DC-15CB-4838-AC91-CFB11B932AB0.h5,TCGA-BH-A0W4
261,e48d2be6-883f-444a-bb71-405bffbf8b4f/TCGA-AR-A0U4-01Z-00-DX1.DE722DC5-859D-4866-ADCC-ED98EDBFB588.svs/TCGA-AR-A0U4-01Z-00-DX1.DE722DC5-859D-4866-ADCC-ED98EDBFB588.h5,TCGA-AR-A0U4
262,0279f555-9738-41e0-b89f-ded25829adc0/TCGA-E2-A1L9-01Z-00-DX1.F2CC1036-8EEE-4664-962E-541B8ACB10DE.svs/TCGA-E2-A1L9-01Z-00-DX1.F2CC1036-8EEE-4664-962E-541B8ACB10DE.h5,TCGA-E2-A1L9
264,fc3719f4-a048-45f2-9673-44b7b465a32b/TCGA-AR-A24R-01Z-00-DX1.47D79205-63E7-43E6-A513-2CD10DFA53C9.svs/TCGA-AR-A24R-01Z-00-DX1.47D79205-63E7-43E6-A513-2CD10DFA53C9.h5,TCGA-AR-A24R
266,1bf2c09e-854f-414f-9b5e-2ad8a5176abd/TCGA-C8-A1HI-01Z-00-DX1.C6D0F8B8-55ED-477F-BAF7-AA05D0449CC8.svs/TCGA-C8-A1HI-01Z-00-DX1.C6D0F8B8-55ED-477F-BAF7-AA05D0449CC8.h5,TCGA-C8-A1HI
272,745f1703-c59d-4d43-b5ba-d908bf1498c3/TCGA-E2-A14R-01Z-00-DX1.DDE62ED5-1FC0-4B3B-A874-95C08B33AB20.svs/TCGA-E2-A14R-01Z-00-DX1.DDE62ED5-1FC0-4B3B-A874-95C08B33AB20.h5,TCGA-E2-A14R
273,33f7413f-6339-4389-98dd-eee280233684/TCGA-E2-A1LH-01Z-00-DX1.F85384B7-1EBF-4F57-A45B-4A668B68E535.svs/TCGA-E2-A1LH-01Z-00-DX1.F85384B7-1EBF-4F57-A45B-4A668B68E535.h5,TCGA-E2-A1LH
274,1cb14e13-72fa-4bf4-8d0b-7318a91d5599/TCGA-C8-A273-01Z-00-DX1.6E5D581F-DF80-478D-82D1-6D6525EED1B5.svs/TCGA-C8-A273-01Z-00-DX1.6E5D581F-DF80-478D-82D1-6D6525EED1B5.h5,TCGA-C8-A273
275,fe67512b-05d2-4218-ad62-f03869a13682/TCGA-C8-A134-01Z-00-DX1.78D10BCC-98B3-4587-897D-3E27DA28D2EB.svs/TCGA-C8-A134-01Z-00-DX1.78D10BCC-98B3-4587-897D-3E27DA28D2EB.h5,TCGA-C8-A134
276,bb7d6bc1-4d6a-4ecc-a8ad-ecc31ff4f471/TCGA-C8-A1HO-01Z-00-DX1.0C702CEE-C373-4D00-A706-32206D41AC17.svs/TCGA-C8-A1HO-01Z-00-DX1.0C702CEE-C373-4D00-A706-32206D41AC17.h5,TCGA-C8-A1HO
277,8e659845-8289-4db4-a489-a637780a7950/TCGA-AO-A126-01Z-00-DX1.D9D6AA15-32F0-44BD-AF30-36191784FFA2.svs/TCGA-AO-A126-01Z-00-DX1.D9D6AA15-32F0-44BD-AF30-36191784FFA2.h5,TCGA-AO-A126
278,254121b2-ad2b-48c7-8556-a9ed304bf472/TCGA-AR-A1AQ-01Z-00-DX1.09D5D7FC-0FA8-4176-94B2-995F44D8ED4C.svs/TCGA-AR-A1AQ-01Z-00-DX1.09D5D7FC-0FA8-4176-94B2-995F44D8ED4C.h5,TCGA-AR-A1AQ
280,e0a1cb42-c419-4f82-ba87-4bd881ce603a/TCGA-BH-A0E6-01Z-00-DX1.44DFEFB4-FA05-4246-8D6B-55BA8C3275DB.svs/TCGA-BH-A0E6-01Z-00-DX1.44DFEFB4-FA05-4246-8D6B-55BA8C3275DB.h5,TCGA-BH-A0E6
281,d40c33af-4435-4119-9fa1-d1c7176be1b8/TCGA-AO-A03T-01Z-00-DX1.8B75E203-6DC8-4AC9-A256-6FCB818DA0DD.svs/TCGA-AO-A03T-01Z-00-DX1.8B75E203-6DC8-4AC9-A256-6FCB818DA0DD.h5,TCGA-AO-A03T
282,2b0aa606-badf-425b-8005-a232518fd485/TCGA-B6-A0RG-01Z-00-DX1.C83D21A0-EC61-459C-9776-EA3D91469E72.svs/TCGA-B6-A0RG-01Z-00-DX1.C83D21A0-EC61-459C-9776-EA3D91469E72.h5,TCGA-B6-A0RG
283,f742e4dc-011b-43f9-a675-b3864037f2c0/TCGA-AR-A24T-01Z-00-DX1.3B325D54-38EC-4E16-BDE1-628894CC15AA.svs/TCGA-AR-A24T-01Z-00-DX1.3B325D54-38EC-4E16-BDE1-628894CC15AA.h5,TCGA-AR-A24T
284,28ec2c5c-f451-4564-afdc-44c5f6a3380b/TCGA-C8-A12K-01Z-00-DX1.D71C7974-65F7-4EF0-8FFB-9F27CEC85242.svs/TCGA-C8-A12K-01Z-00-DX1.D71C7974-65F7-4EF0-8FFB-9F27CEC85242.h5,TCGA-C8-A12K
285,a0c8d155-7c15-447f-be5f-813348d8a3eb/TCGA-E9-A1N8-01Z-00-DX1.1243AB1C-75A3-4A5E-9674-53992E6DD377.svs/TCGA-E9-A1N8-01Z-00-DX1.1243AB1C-75A3-4A5E-9674-53992E6DD377.h5,TCGA-E9-A1N8
286,f6f7b32b-33e4-462a-9f83-2a3f74a6302a/TCGA-E2-A108-01Z-00-DX1.B110ED43-08A4-476A-A658-1CA75F7C0DDE.svs/TCGA-E2-A108-01Z-00-DX1.B110ED43-08A4-476A-A658-1CA75F7C0DDE.h5,TCGA-E2-A108
288,978e66db-80be-4b80-9142-09577aa97241/TCGA-BH-A1FE-01Z-00-DX1.8FB57ECF-350B-44E4-8612-63E8374D3C4B.svs/TCGA-BH-A1FE-01Z-00-DX1.8FB57ECF-350B-44E4-8612-63E8374D3C4B.h5,TCGA-BH-A1FE
289,f7abab4e-54fa-491e-a67a-d401cdc23e1e/TCGA-BH-A0C7-01Z-00-DX1.C70D358E-C48F-4F69-86CE-3218E9C95837.svs/TCGA-BH-A0C7-01Z-00-DX1.C70D358E-C48F-4F69-86CE-3218E9C95837.h5,TCGA-BH-A0C7
290,45398b45-a170-4bc5-847a-faed782fca36/TCGA-B6-A0RE-01Z-00-DX1.8933BDB4-EF8D-41FA-9A50-05BB3AB976E5.svs/TCGA-B6-A0RE-01Z-00-DX1.8933BDB4-EF8D-41FA-9A50-05BB3AB976E5.h5,TCGA-B6-A0RE
291,147ed357-9e92-44fb-8b01-312e148cd525/TCGA-AO-A1KR-01Z-00-DX1.BFB2E69B-E23C-4542-9CBF-EDD040B985AC.svs/TCGA-AO-A1KR-01Z-00-DX1.BFB2E69B-E23C-4542-9CBF-EDD040B985AC.h5,TCGA-AO-A1KR
292,f554759b-e293-45f5-be85-34a561e36027/TCGA-AR-A0U2-01Z-00-DX1.03E2ADD9-F20F-44DA-93D1-D10BBD3844A5.svs/TCGA-AR-A0U2-01Z-00-DX1.03E2ADD9-F20F-44DA-93D1-D10BBD3844A5.h5,TCGA-AR-A0U2
293,bcd6977f-b269-48c4-b088-ddf8d6d95240/TCGA-GM-A2DF-01Z-00-DX1.CD0BE6D7-2DB3-4193-84CC-F9BE7BF18CC2.svs/TCGA-GM-A2DF-01Z-00-DX1.CD0BE6D7-2DB3-4193-84CC-F9BE7BF18CC2.h5,TCGA-GM-A2DF
294,92b020c8-1e0d-4f20-8f34-b9c66b2757b1/TCGA-BH-A0B7-01Z-00-DX1.6950CDDF-8A81-4B10-BFFF-BE0E33A2C6CC.svs/TCGA-BH-A0B7-01Z-00-DX1.6950CDDF-8A81-4B10-BFFF-BE0E33A2C6CC.h5,TCGA-BH-A0B7
297,6e0aa823-3645-4de8-9c13-6cf2f5a8796a/TCGA-AO-A0JM-01Z-00-DX1.94E75EFD-E5F5-4DF8-93A0-ED94CB4D203A.svs/TCGA-AO-A0JM-01Z-00-DX1.94E75EFD-E5F5-4DF8-93A0-ED94CB4D203A.h5,TCGA-AO-A0JM
298,69a45353-526f-441f-aebd-3810a0ca8b24/TCGA-BH-A1F0-01Z-00-DX1.E1557A67-230A-4337-AEC8-158258A917FF.svs/TCGA-BH-A1F0-01Z-00-DX1.E1557A67-230A-4337-AEC8-158258A917FF.h5,TCGA-BH-A1F0
302,6d60c330-228b-4cba-bc0a-93c502d7f523/TCGA-BH-A0BW-01Z-00-DX1.39B0C363-46A2-4FFB-B1C5-C054A86F4A25.svs/TCGA-BH-A0BW-01Z-00-DX1.39B0C363-46A2-4FFB-B1C5-C054A86F4A25.h5,TCGA-BH-A0BW
303,56abf563-a1e8-48b7-8fac-3ee35c5de98a/TCGA-B6-A1KF-01Z-00-DX1.2E08E830-4216-4CD0-9646-1F489300E11D.svs/TCGA-B6-A1KF-01Z-00-DX1.2E08E830-4216-4CD0-9646-1F489300E11D.h5,TCGA-B6-A1KF
304,abf27f46-f39a-4f2d-8e7b-423e5da54419/TCGA-E2-A14X-01Z-00-DX1.24ADDA43-F127-4A6B-9AAD-2FAD982A853D.svs/TCGA-E2-A14X-01Z-00-DX1.24ADDA43-F127-4A6B-9AAD-2FAD982A853D.h5,TCGA-E2-A14X
306,e6fe1a97-4a48-4da4-bb2f-d50e07d7cb45/TCGA-BH-A0AW-01Z-00-DX1.9D50A0D2-B103-411C-831E-8520C3D50173.svs/TCGA-BH-A0AW-01Z-00-DX1.9D50A0D2-B103-411C-831E-8520C3D50173.h5,TCGA-BH-A0AW
308,f9415b74-ee9c-4e63-8deb-5fb8766256f8/TCGA-AR-A0TP-01Z-00-DX1.58E6A3A6-D1D7-4AE5-87A5-E823F04CBB2F.svs/TCGA-AR-A0TP-01Z-00-DX1.58E6A3A6-D1D7-4AE5-87A5-E823F04CBB2F.h5,TCGA-AR-A0TP
312,ebef3a2a-227f-40f7-9a6d-5138fa43c872/TCGA-E9-A227-01Z-00-DX1.823062BF-3444-489B-AF91-AAD4ECAA1DC7.svs/TCGA-E9-A227-01Z-00-DX1.823062BF-3444-489B-AF91-AAD4ECAA1DC7.h5,TCGA-E9-A227
314,742e81be-ad02-4e99-bc69-9cb1d44228ca/TCGA-AR-A1AR-01Z-00-DX1.E7B7F6F0-9CC0-4D4F-8C9F-443A74D2BE40.svs/TCGA-AR-A1AR-01Z-00-DX1.E7B7F6F0-9CC0-4D4F-8C9F-443A74D2BE40.h5,TCGA-AR-A1AR
315,86867852-64fe-43e6-894d-b53b146c3518/TCGA-AR-A0TZ-01Z-00-DX1.2D58BE38-03F6-4310-8E06-F1A523FB0904.svs/TCGA-AR-A0TZ-01Z-00-DX1.2D58BE38-03F6-4310-8E06-F1A523FB0904.h5,TCGA-AR-A0TZ
316,d6861a4d-02ac-4253-b5d1-9fc6d5fc71b4/TCGA-BH-A0EE-01Z-00-DX1.872EA586-25C8-4835-A138-152DFA1EBF30.svs/TCGA-BH-A0EE-01Z-00-DX1.872EA586-25C8-4835-A138-152DFA1EBF30.h5,TCGA-BH-A0EE
317,c6053c6a-8ca4-4e15-83b0-3458c5e31d39/TCGA-B6-A0RU-01Z-00-DX1.4977531C-6003-4DA6-9925-30E2DA62C076.svs/TCGA-B6-A0RU-01Z-00-DX1.4977531C-6003-4DA6-9925-30E2DA62C076.h5,TCGA-B6-A0RU
320,61d03f55-56d6-475f-b390-090320d0ed2d/TCGA-AO-A128-01Z-00-DX1.4E6BFFBC-87AD-4ED4-959D-FEB5545400BE.svs/TCGA-AO-A128-01Z-00-DX1.4E6BFFBC-87AD-4ED4-959D-FEB5545400BE.h5,TCGA-AO-A128
322,b8f781cf-ab2a-4b4a-93a9-735c0bf45658/TCGA-E9-A2JT-01Z-00-DX1.49C2B936-3B1A-4014-8B43-26D483DEF53A.svs/TCGA-E9-A2JT-01Z-00-DX1.49C2B936-3B1A-4014-8B43-26D483DEF53A.h5,TCGA-E9-A2JT
324,792cab5a-a944-4a87-9f68-364845db8c45/TCGA-AO-A0J4-01Z-00-DX1.2EFC978E-8DF5-4254-9598-C0910B17C5C8.svs/TCGA-AO-A0J4-01Z-00-DX1.2EFC978E-8DF5-4254-9598-C0910B17C5C8.h5,TCGA-AO-A0J4
325,adc2a10a-f8ac-4594-a687-7767f686d392/TCGA-B6-A0RS-01Z-00-DX1.F72B766D-FC49-4876-A93D-D88B05702267.svs/TCGA-B6-A0RS-01Z-00-DX1.F72B766D-FC49-4876-A93D-D88B05702267.h5,TCGA-B6-A0RS
326,20c648d7-3d5c-490b-8820-5a11dcc5e592/TCGA-BH-A0B3-01Z-00-DX1.90CB0ED5-FBB7-4ABF-93A0-DD88D60D3D55.svs/TCGA-BH-A0B3-01Z-00-DX1.90CB0ED5-FBB7-4ABF-93A0-DD88D60D3D55.h5,TCGA-BH-A0B3
327,5c1216f3-19ec-4d3c-9bb0-9bd740b79f62/TCGA-AR-A1AW-01Z-00-DX1.E527CA46-D83F-4055-8C7E-AEFEF13C1E29.svs/TCGA-AR-A1AW-01Z-00-DX1.E527CA46-D83F-4055-8C7E-AEFEF13C1E29.h5,TCGA-AR-A1AW
328,12dd4441-2f36-4ea3-9a37-11863f4b5e88/TCGA-BH-A0DL-01Z-00-DX1.553F0021-1FC2-4675-810D-BBD9785D065E.svs/TCGA-BH-A0DL-01Z-00-DX1.553F0021-1FC2-4675-810D-BBD9785D065E.h5,TCGA-BH-A0DL
330,5bd2d920-fb46-45b2-9995-bd383330c8f6/TCGA-C8-A27A-01Z-00-DX1.0E26C46D-CD65-40F3-8976-EB4415582934.svs/TCGA-C8-A27A-01Z-00-DX1.0E26C46D-CD65-40F3-8976-EB4415582934.h5,TCGA-C8-A27A
331,b6c1920d-bc94-4286-9f4d-e90459359130/TCGA-BH-A0DK-01Z-00-DX1.0CFED53C-BAD9-4E35-B12F-57E64F3FEF1C.svs/TCGA-BH-A0DK-01Z-00-DX1.0CFED53C-BAD9-4E35-B12F-57E64F3FEF1C.h5,TCGA-BH-A0DK
333,06d5917c-06d2-41ec-80f5-511d4d27b82d/TCGA-AR-A24L-01Z-00-DX1.218A0AE1-D070-4A16-A277-31185F10724D.svs/TCGA-AR-A24L-01Z-00-DX1.218A0AE1-D070-4A16-A277-31185F10724D.h5,TCGA-AR-A24L
334,949a4e4a-824a-422c-ab4f-e1860818074c/TCGA-BH-A0E0-01Z-00-DX1.01E88024-83DF-4282-ABAF-F4E35807DA06.svs/TCGA-BH-A0E0-01Z-00-DX1.01E88024-83DF-4282-ABAF-F4E35807DA06.h5,TCGA-BH-A0E0
335,454d3eb9-ff96-4cd4-9dec-17252819ed13/TCGA-B6-A0WW-01Z-00-DX1.64048633-1D1A-4074-8C50-7641159355DB.svs/TCGA-B6-A0WW-01Z-00-DX1.64048633-1D1A-4074-8C50-7641159355DB.h5,TCGA-B6-A0WW
336,aa8c4f21-2fce-4ccb-b270-4a1ad633f36e/TCGA-A1-A0SP-01Z-00-DX1.20D689C6-EFA5-4694-BE76-24475A89ACC0.svs/TCGA-A1-A0SP-01Z-00-DX1.20D689C6-EFA5-4694-BE76-24475A89ACC0.h5,TCGA-A1-A0SP
337,01dbcd23-40da-4f7e-9c48-8cdf11724863/TCGA-AO-A0J5-01Z-00-DX1.20C14D0C-1A74-4FE9-A5E6-BDDCB8DE7714.svs/TCGA-AO-A0J5-01Z-00-DX1.20C14D0C-1A74-4FE9-A5E6-BDDCB8DE7714.h5,TCGA-AO-A0J5
338,a76d99dd-cd22-4dc1-a0b4-9631e465d2b2/TCGA-AR-A1AU-01Z-00-DX1.F06647D1-E5A3-46FE-8537-01A10A08A4EC.svs/TCGA-AR-A1AU-01Z-00-DX1.F06647D1-E5A3-46FE-8537-01A10A08A4EC.h5,TCGA-AR-A1AU
339,6b860285-6c8a-4d77-a1a4-13e72faca602/TCGA-A1-A0SQ-01Z-00-DX1.36071264-3407-4224-BCBB-2ED00294569A.svs/TCGA-A1-A0SQ-01Z-00-DX1.36071264-3407-4224-BCBB-2ED00294569A.h5,TCGA-A1-A0SQ
341,d7539c2a-21e3-437b-9070-b840b3083645/TCGA-E2-A1LL-01Z-00-DX1.D1AA1613-902C-4579-9612-48A76042B0AE.svs/TCGA-E2-A1LL-01Z-00-DX1.D1AA1613-902C-4579-9612-48A76042B0AE.h5,TCGA-E2-A1LL
343,464dd07a-32ee-4da5-8c60-85c0bbe391aa/TCGA-AO-A0JE-01Z-00-DX1.82D33053-E305-47D8-9B02-B55511EBB06D.svs/TCGA-AO-A0JE-01Z-00-DX1.82D33053-E305-47D8-9B02-B55511EBB06D.h5,TCGA-AO-A0JE
344,b05f7d3c-6e83-4981-a831-e83db9e2f0c5/TCGA-B6-A0I6-01Z-00-DX1.D597D207-BEB2-4CE5-B315-FE7AD6E9C30B.svs/TCGA-B6-A0I6-01Z-00-DX1.D597D207-BEB2-4CE5-B315-FE7AD6E9C30B.h5,TCGA-B6-A0I6
345,9e2acfcf-3e96-4aed-9529-7cc3787f2e4f/TCGA-EW-A1P4-01Z-00-DX1.3E9AE553-83D4-4B09-AB7F-D096BCE3BC4D.svs/TCGA-EW-A1P4-01Z-00-DX1.3E9AE553-83D4-4B09-AB7F-D096BCE3BC4D.h5,TCGA-EW-A1P4
346,afeb2654-679d-4196-8273-b41a5ec4edfc/TCGA-BH-A0BJ-01Z-00-DX1.77BE9A20-3D23-4650-843A-0483BF9DD07B.svs/TCGA-BH-A0BJ-01Z-00-DX1.77BE9A20-3D23-4650-843A-0483BF9DD07B.h5,TCGA-BH-A0BJ
347,fdcfe8e5-34c9-4675-933b-d588a3dd2cb9/TCGA-BH-A0AZ-01Z-00-DX1.E20051E8-DEEF-48E5-B519-40777DDBC96B.svs/TCGA-BH-A0AZ-01Z-00-DX1.E20051E8-DEEF-48E5-B519-40777DDBC96B.h5,TCGA-BH-A0AZ
349,531d9a9e-8db6-4f21-966c-3fb2a3e476ea/TCGA-E2-A1B5-01Z-00-DX1.AB19FF3D-5C42-4D49-ABEA-D2315709B6EA.svs/TCGA-E2-A1B5-01Z-00-DX1.AB19FF3D-5C42-4D49-ABEA-D2315709B6EA.h5,TCGA-E2-A1B5
350,e1719658-41cb-4af9-b40e-fef0bece3d1a/TCGA-BH-A0HO-01Z-00-DX1.D3D66547-F5D4-40F5-B737-2FECEEB35ACB.svs/TCGA-BH-A0HO-01Z-00-DX1.D3D66547-F5D4-40F5-B737-2FECEEB35ACB.h5,TCGA-BH-A0HO
351,4ce98023-70d8-4d74-8118-4d49001c5d64/TCGA-E9-A243-01Z-00-DX1.9A3B34E5-25EF-4243-8680-FABF2F1CCDA9.svs/TCGA-E9-A243-01Z-00-DX1.9A3B34E5-25EF-4243-8680-FABF2F1CCDA9.h5,TCGA-E9-A243
352,7c18fde2-b392-4ae1-a711-1bd707f5800e/TCGA-C8-A1HJ-01Z-00-DX1.745159F1-85E7-4CC0-B088-E1CA91916FB8.svs/TCGA-C8-A1HJ-01Z-00-DX1.745159F1-85E7-4CC0-B088-E1CA91916FB8.h5,TCGA-C8-A1HJ
353,5e92f89e-5470-4f37-9002-0bb397e7281b/TCGA-E9-A1N9-01Z-00-DX1.982C83A6-0E06-47B3-A7C7-1773A2CD1771.svs/TCGA-E9-A1N9-01Z-00-DX1.982C83A6-0E06-47B3-A7C7-1773A2CD1771.h5,TCGA-E9-A1N9
354,8658d69c-cec1-4e8f-a545-3d126d99f158/TCGA-B6-A0I2-01Z-00-DX1.885D2034-73B7-48AE-8343-631F89061C38.svs/TCGA-B6-A0I2-01Z-00-DX1.885D2034-73B7-48AE-8343-631F89061C38.h5,TCGA-B6-A0I2
359,ce7195d4-4e8a-4920-87ea-03480b8d26fc/TCGA-AO-A03V-01Z-00-DX1.52EBCB72-0C65-4E67-B9BB-DA15494327DE.svs/TCGA-AO-A03V-01Z-00-DX1.52EBCB72-0C65-4E67-B9BB-DA15494327DE.h5,TCGA-AO-A03V
360,d830b76d-d5ba-457c-bf00-7d8d7be3ab90/TCGA-BH-A0GY-01Z-00-DX1.E1AEAA36-94FA-41ED-851F-7BB11DD3C06D.svs/TCGA-BH-A0GY-01Z-00-DX1.E1AEAA36-94FA-41ED-851F-7BB11DD3C06D.h5,TCGA-BH-A0GY
